name,count_modules
Function (mathematics),57
Information,54
Kill switch,52
Push-button,52
Height,51
Gravity,47
Weight,47
Weather,44
Employment,42
Safety,38
Risk,30
Mining,30
Truth value,26
Control theory,24
Machine,20
Education,19
Child,17
Maxima and minima,17
Pathogen,16
System,15
Food safety,15
Moral responsibility,14
Person,14
Professional certification,14
Tradesman,13
Product recall,12
Risk assessment,12
Vehicle,12
Gas,12
Accountability,12
Control system,12
Contamination,11
Food,11
Hazard analysis and critical control points,11
Management,11
Ventilation (architecture),11
Symptom,11
Risk management,10
Foodborne illness,10
Electricity,10
Dreamworld (Australian theme park),9
Incubation period,9
Legal person,9
Safety data sheet,9
Work (physics),9
Workforce,8
Value (ethics),8
Urban planning,8
Regulation,8
Personal protective equipment,8
Parent,8
Labour economics,8
Mobile phone,8
Microorganism,8
Military technology,8
Health,8
False (logic),8
Engineering,8
Critical theory,8
Design,7
Duty,7
Electric charge,7
Computer,7
Business education,7
Air pollution,7
Atmosphere of Earth,7
Business,7
Fire,7
Natural environment,7
Tag (metadata),7
Time,7
Training,7
Soil,7
Specification (technical standard),7
Truth,7
Skill,6
Signage,6
Smoke,6
Social responsibility,6
Toxicity,6
Oxygen,6
Prior probability,6
Resource,6
Radio,6
Number,6
Isolation Point,6
Adult,6
Chemical substance,6
Coal mining,6
Concentration,6
Communication,6
Electric power transmission,6
Economic policy,6
Dust,6
Electrical engineering,6
Dairy product,6
Dangerous goods,5
Diesel fuel,5
Distance,5
Document,5
Electronics,5
Emergency service,5
Electrical conductor,5
Algorithm,5
Brake,5
Ionizing radiation,5
Interpersonal relationship,5
Lighting,5
Neoplatonism,5
Metre,5
Minimum wage,5
Fan (machine),5
Environmental monitoring,5
Explosion,5
Goods,5
Scientific method,5
Positivism,5
Product (business),5
Policy,5
Organism,5
Petroleum,5
Truck,5
Ultraviolet,5
Temperature,5
Supervisor,5
Social norm,5
Shift work,5
Sense,5
Statement (computer science),5
Statement (logic),5
Steering,5
Subroutine,5
World Heritage site,5
Web service,5
Two-way radio,4
Unit of measurement,4
Waste management,4
Structural load,4
Storage tank,4
Spice,4
Surface science,4
Surveying,4
Test (assessment),4
Tire,4
Tool,4
Permaculture,4
Overhead power line,4
Potential energy,4
"Philosophy, politics and economics",4
Physical fitness,4
Safety culture,4
Question,4
Proposition,4
Government,4
Gift,4
Glare (vision),4
Fundamental interaction,4
HVAC,4
Exposure assessment,4
Exhaust gas,4
Experience,4
Experiment,4
Fatigue,4
Emergency management,4
Filtration,4
First aid,4
Flour,4
Force,4
Mechanical energy,4
Mechanical engineering,4
Occupational safety and health,4
Laptop,4
Intensive care medicine,4
Alcohol,4
Combustibility and flammability,4
Combustion,4
Drug,4
Driver's license,4
Driving,4
DreamWorks Experience,4
Emotion,4
Energy,4
Cylinder,4
Developmental biology,3
Dairy,3
Diesel engine,3
Critical thinking,3
Curriculum,3
Corporation,3
Color code,3
Construction,3
Consumer,3
Engineering management,3
Evidence,3
Electronic stability control,3
Element (mathematics),3
Electromagnetic radiation,3
Doctor of Osteopathic Medicine,3
Electric battery,3
Competence (human resources),3
Computer network,3
Computer data storage,3
Confined space,3
Climate change mitigation,3
Coal,3
Citizenship,3
Chemical warfare,3
Chain (unit),3
Business operations,3
Calibration,3
Air conditioning,3
Arms industry,3
Access control,3
Alcoholic drink,3
Breach of contract,3
Binary relation,3
Boolean data type,3
Audit,3
Axle,3
Intersection (road),3
Isolator (microwave),3
Laboratory,3
Invoice,3
Light,3
Liquid,3
Longwall mining,3
Mobile home,3
Occupational exposure limit,3
Natural selection,3
Motorbike roller coaster,3
Mouth,3
Method (computer programming),3
Maintenance (technical),3
Manual handling of loads,3
Manufacturing,3
Meaning (linguistics),3
Formal language,3
Flood,3
Fluid dynamics,3
Financial instrument,3
Financial statement,3
Fear,3
Explosive material,3
Factory,3
Heat,3
Heavy equipment,3
High voltage,3
Hygiene,3
Individualism,3
Gas detector,3
Hazardous waste,3
Geotechnical engineering,3
Hazard,3
Hard and soft (martial arts),3
Purchasing,3
Quantity,3
Raw material,3
Reason,3
Relevance,3
Recall (memory),3
Rubber-tyred metro,3
Road,3
Road traffic safety,3
Seat belt,3
Security (finance),3
Price,3
Parking brake,3
Particulates,3
Towing,3
Trailer (vehicle),3
Transport,3
Telecommunication,3
Structural integrity and failure,3
Spontaneous combustion,3
Stratum,3
Structure,3
Sign (semiotics),3
Skypoint,3
Software testing,3
Social group,3
Social influence,3
Volunteering,3
WhiteWater World,3
X-PLOR,3
Vapor,3
Word,2
Wholesaling,2
Welding,2
Wedding,2
Web page,2
Water pollution,2
Warehouse,2
Volt,2
Voltage,2
Virtue,2
Tunnel,2
Twelve-step program,2
User (computing),2
Utility frequency,2
Vacuum tube,2
Social isolation,2
Social media,2
Social change,2
Software,2
Slide guitar,2
Slope,2
Service (economics),2
Select (SQL),2
Sub rosa,2
Subculture,2
Standardization,2
Star,2
State (polity),2
Speech,2
Sunglasses,2
Stratified sampling,2
Structural functionalism,2
Surgery,2
Sympathy,2
Teacher,2
Tag out,2
Tarpaulin,2
Test method,2
Telephone,2
Telephone number,2
Trust (emotion),2
Transformers,2
Transmission (medicine),2
Traffic sign,2
Systems engineering,2
Therapy,2
Over-the-counter drug,2
Operating system,2
Organization,2
Permanent marker,2
Personhood,2
Passivity (engineering),2
Primary energy,2
Problem solving,2
Planning,2
Pipe (fluid conveyance),2
Plan,2
Seating capacity,2
Seal (mechanical),2
Search and seizure,2
Register (air and heating),2
Scientific control,2
Rock (geology),2
Roof,2
Risk factor,2
Safe seat,2
Regulatory compliance,2
Respect,2
Respirator,2
Requirement,2
Rescue,2
Quality of life,2
Psychological trauma,2
Geology,2
Green room,2
Ground (electricity),2
GCE Advanced Level,2
Goal,2
Government agency,2
Imprisonment,2
Incident management,2
Incident management team,2
Infant,2
Identity (social science),2
Identity document,2
Health and Safety at Work etc. Act 1974,2
Humanâ€“computer interaction,2
Human,2
Failure,2
Extra-low voltage,2
Feeling,2
Fault (power engineering),2
Financial market,2
File sharing,2
Fluid balance,2
Fine (penalty),2
Fire detection,2
Fire extinguisher,2
Firefighter,2
Friendship,2
Frame of reference,2
Fraud,2
Forest management,2
Mask (computing),2
Medicine,2
Management of dehydration,2
Methodology,2
Liquefied petroleum gas,2
Miner,2
Minor (law),2
Nature versus nurture,2
Narrative,2
National Association of Testing Authorities,2
Noise,2
Occupational hygiene,2
Obligation,2
Nuclear weapons testing,2
Office of Liquor and Gaming Regulation,2
OK,2
Operational definition,2
Liquor,2
List (abstract data type),2
Listing Rules,2
Lightning rod,2
Language,2
Leadership,2
Legislation,2
License,2
Lifeguard,2
Laborer,2
Job design,2
Landfill,2
Jewellery,2
Isolation (psychology),2
Investment banking,2
Investor,2
Intake,2
Information security awareness,2
Information sensitivity,2
Information technology,2
Information theory,2
Behavior,2
Biodegradable waste,2
Biophysical environment,2
Australian Securities Exchange,2
Authorization,2
Breathing,2
Bribery,2
Building,2
Bulldozer,2
Area,2
Atmosphere,2
Alcohol licensing laws of the United Kingdom,2
Aerodynamics,2
Age of majority,2
Action (philosophy),2
A.out,2
Abrasive blasting,2
Business process,2
Car,2
Categories of New Testament manuscripts,2
Chest radiograph,2
Code,2
Cognition,2
Comprehensive layout,2
Compressed fluid,2
Concept,2
Complex number,2
Complex system,2
Best practice,2
Color,2
Community service,2
Company,2
Communication channel,2
Effectiveness,2
Electric current,2
Drinking water,2
Disorderly conduct,2
Division of labour,2
Duty of care,2
DVD,2
Earmuffs,2
Earplug,2
Earthquake,2
Electromagnetism,2
Electromotive force,2
Electronic component,2
Electrical equipment,2
Electrical injury,2
Electrician,2
Environmentalism,2
Equestrianism,2
Energy development,2
Contraband,2
Control engineering,2
Corrective work order,2
Crane (machine),2
Criminal procedure,2
Critical apparatus,2
Dam,2
Dam failure,2
Danger Inc.,2
Developmental psychology,2
Device under test,2
Doubt,2
Discovery (law),2
Daemon (computing),2
Development of the nervous system,2
Deformation monitoring,2
Death,2
Debit card,1
Decision-making,1
Deflation,1
Data,1
Data analysis,1
Data center,1
Degree (angle),1
Demobilization,1
Deposit account,1
Disease,1
Distribution (marketing),1
Diving supervisor,1
Drainage,1
Dream world (plot device),1
Digital identity,1
Digital-to-analog converter,1
Direct current,1
Direct debit,1
Direct marketing,1
Danger zone (food safety),1
Customer,1
Cutting board,1
Crumple zone,1
Critical control point,1
Crisis management,1
Crib barn,1
Crime,1
Corrective and preventive action,1
Cost,1
Council for Catholic Maintained Schools,1
Course (navigation),1
Conversation,1
Conveyor belt,1
Conveyor system,1
Cooking,1
Copyright,1
Corporate social responsibility,1
Control point (orienteering),1
Contract,1
Control (management),1
Container (abstract data type),1
Envelope (mathematics),1
Employee assistance program,1
Employee engagement,1
Emergency vehicle lighting,1
Euclidean vector,1
Evaluation,1
Event (philosophy),1
Event (probability theory),1
Evolution,1
Excavator,1
Exertion,1
Electrophysiology,1
Elevator,1
Email address,1
Emergency,1
Emergency evacuation,1
Electrical network,1
Earthworks (engineering),1
Ecclesia (ancient Athens),1
Ecological resilience,1
Economic development,1
Drought,1
Drilling,1
Educational assessment,1
Educational technology,1
Dry run (testing),1
Dump truck,1
Dust mask,1
Electric power distribution,1
Electrical energy,1
Efficiency,1
Electric car,1
Communication protocol,1
Community,1
Command hierarchy,1
Command-line interface,1
Common law,1
Commons,1
Complexity,1
Conceptual model,1
Computer program,1
Computer simulation,1
Computer monitor,1
Conflict of interest,1
Conflict resolution,1
Conscription,1
Consistency,1
Content (media),1
Contingent work,1
Continuous hyperthermic peritoneal perfusion,1
Cold,1
Collision,1
Code of conduct,1
Coal dust,1
Clock face,1
Chief executive officer,1
Cleanliness,1
Child development,1
Child labour,1
Childhood,1
Circuit breaker,1
Circumcision,1
Causality,1
Cell growth,1
Celsius,1
Certainty,1
Checking (ice hockey),1
Chemistry,1
Cardiopulmonary resuscitation,1
Cardo,1
Career,1
Case study,1
Candidate,1
Cap lamp,1
Acceptable use policy,1
100 metres,1
24-hour clock,1
Adolescence,1
Accounting,1
ACM Computing Classification System,1
Advertising agency,1
Advice (opinion),1
Air filter,1
Artificial neuron,1
ASHRAE,1
Asset,1
Asynchronous array of simple processors,1
All India Institutes of Medical Sciences,1
Altitude,1
Analgesic,1
Anger,1
Angle,1
Annual report,1
Anonymity,1
Answering machine,1
Anxiety,1
Application for employment,1
Apron,1
Aquifer,1
Bullying,1
Bunding,1
Bushfires in Australia,1
Break (work),1
Business administration,1
Bulkhead (partition),1
Box cut,1
Bioaccumulation,1
Automated planning and scheduling,1
Autopilot,1
Aviation,1
Authority,1
Atmospheric pressure,1
Attachment theory,1
Board of directors,1
Bogie,1
Berm,1
Best (magazine),1
Background radiation,1
Basic belief,1
Infrastructure,1
Insider trading,1
Inspection,1
Integrated circuit,1
Information science,1
Into You (Ariana Grande song),1
Inventory,1
Internal combustion engine,1
Internet,1
Interoperability,1
Jib,1
Landing Signal Officer,1
Land reclamation,1
Journalism,1
Lifting equipment,1
Lie,1
Life,1
Lens (optics),1
Legal separation,1
Learning,1
Learning management system,1
Language development,1
Lanyard,1
Laser,1
Laser safety,1
Lateralization of brain function,1
Law of agency,1
Law of obligations,1
Lawsuit,1
Linguistic competence,1
Linguistics,1
Liquid-crystal display,1
Litre,1
Lock (computer science),1
Lock (security device),1
Logistics Officer,1
Lunch,1
Machine (mechanical),1
Operator (computer programming),1
Optimism,1
Option (finance),1
Order theory,1
Orders of magnitude (mass),1
Old age,1
Online game,1
Open-pit mining,1
Operating expense,1
Oath,1
Observation,1
Observation deck,1
Nondestructive testing,1
Nonmetal,1
Nonverbal communication,1
NOx,1
New South Wales Police Force,1
Niece and nephew,1
Naval mine,1
Naval rating,1
Moving parts,1
Multiplication,1
Mountain hut,1
Mixture,1
Mobile phone operator,1
Model theory,1
Monasticism,1
Money,1
Milk,1
Medical device,1
Major (United States),1
Map,1
Marine debris,1
Market (economics),1
Melting,1
Memory,1
Menstruation,1
Mergers and acquisitions,1
Message,1
Massage Envy,1
Materials science,1
Measure (mathematics),1
Forklift,1
Food science,1
Food storage,1
Food waste,1
Free will,1
Friction,1
Frozen food,1
Foster care,1
Firefighting,1
Fire hydrant,1
Fine motor skill,1
Fire department,1
First aid kit,1
First-order logic,1
Flight,1
Finance,1
Financial transaction,1
Family,1
Family medicine,1
FIFO (computing and electronics),1
Feedback,1
Eye drop,1
Eye protection,1
Face (professional wrestling),1
Facilitating payment,1
Fall arrest,1
Expert,1
Experience point,1
Expected value,1
Environmental remediation,1
Human fertilization,1
Hierarchy,1
Humility,1
Hydrocarbon exploration,1
Histology,1
Horse harness,1
Horse tack,1
Hour,1
Housekeeping,1
Houston Automatic Spooling Priority,1
Immediate family,1
Idea,1
Independence (mathematical logic),1
Independent contractor,1
Individual,1
Infection control,1
Inflation,1
Infographic,1
Industrial engineering,1
Graph theory,1
Gratitude,1
Goggles,1
Genetic testing,1
Geologic map,1
Fundraising,1
Functional safety,1
Group (mathematics),1
Hadith,1
Hand washing,1
Happiness,1
Harassment,1
Hard disk drive,1
Headlamp,1
Public company,1
Pump,1
Protectionism,1
Reasonable person,1
Real-time computing,1
Radiation,1
Radiation exposure,1
Radio receiver,1
Rail transport operations,1
Resistance movement,1
Requirements analysis,1
Requirements engineering,1
Return on investment,1
Revenue,1
Rights,1
Ring (jewellery),1
Repowering,1
Record (computer science),1
Record Management System,1
Recreational drug use,1
Safe standing,1
Run time (program lifecycle phase),1
Rush hour,1
Safe,1
Road surface,1
Room temperature,1
Role-playing,1
Sales,1
Schedule (workplace),1
Scientific misconduct,1
Scissors,1
Screw thread,1
Season,1
Seal hunting,1
Second language,1
Security controls,1
Plan International,1
Political corruption,1
Power (physics),1
Power outage,1
Power tool,1
Praise,1
Predictability,1
Pressure,1
Plastic container,1
Play (activity),1
Playing card,1
Plume (fluid dynamics),1
Police,1
Physician,1
Phoneme,1
Physical body,1
Procedural memory,1
Process engineering,1
Principal bundle,1
Printed circuit board,1
Product lifecycle,1
Potential,1
Productivity,1
Prohibition,1
Promotion (marketing),1
Password,1
Pasteurization,1
Parenting,1
Payment gateway,1
Pediatric nursing,1
Performance management,1
Perimeter,1
Phenotypic trait,1
Philosophy,1
Personal development,1
Organizational chart,1
Outbreak,1
Outline (list),1
Outline of physical science,1
Operating temperature,1
Party (law),1
Pascal (unit),1
Padlock,1
Pagination,1
Parameter,1
Thermal conduction,1
Threat (computer),1
Time in Australia,1
Time travel,1
Top,1
Topical medication,1
Toddler,1
Toy,1
Traffic,1
Traffic cone,1
Transparency (behavior),1
Truck driver,1
Trunk (car),1
Uncertainty,1
Uncontrolled decompression,1
Underground mining (hard rock),1
Understanding,1
Unemployment,1
Uniform,1
Unintended pregnancy,1
Uninterruptible power supply,1
Unique key,1
Telescope,1
Term (time),1
Terms of reference,1
The Downs (ship anchorage),1
The Emergency (India),1
Theory of forms,1
Task (project management),1
Tax assessment,1
Tailings,1
Technical drawing,1
Technical standard,1
Telemetry,1
System monitor,1
Systematics,1
Surveillance,1
Suspended load,1
Switch statement,1
Suplex,1
Supply (economics),1
Supply and demand,1
Speech-language pathology,1
Speed limit,1
Solar panel,1
Solicitation,1
Solitude,1
Somatosensory system,1
Sound,1
Specialty (medicine),1
Statute,1
Sport,1
Spouse,1
Standard conditions for temperature and pressure,1
Suffering,1
Summary offence,1
Sun,1
Stress (biology),1
Stress in early childhood,1
Storytelling,1
Strategy,1
Sterilization (microbiology),1
Stimulus (psychology),1
Stop sign,1
Self-care,1
Self-contained breathing apparatus,1
Self-esteem,1
Sense and reference,1
Sensor,1
Sentence (law),1
Server (computing),1
Set theory,1
Severe weather,1
Small business,1
Software maintenance,1
Social philosophy,1
Social relation,1
Social status,1
Social movement,1
Social,1
Signal transduction,1
Silicon Valley of India,1
Validity,1
Valve,1
Vehicle fire,1
Uppercut,1
Urination,1
USB flash drive,1
Visibility,1
Voicemail,1
Volcano,1
Vibration,1
Victimisation,1
Waste,1
Waste container,1
Water,1
Vowel,1
Vulnerability,1
Wage labour,1
Wallet,1
Water supply network,1
Wear,1
Weight training,1
Welfare,1
Wet season,1
What Would You Do? (ABC News series),1
Whistle,1
Whistleblower,1
Wi-Fi,1
Wildfire,1
Winch,1
Working time,1
Youth,1